"","date","mosul","ilisu"
"1",1902-01-01,1.61730110645294,1.95523166656494
"2",1902-02-01,1.05493223667145,1.61490046977997
"3",1902-03-01,1.22544312477112,1.71281456947327
"4",1902-04-01,0.944621801376343,1.60616266727448
"5",1902-05-01,0.595149517059326,1.05858623981476
"6",1902-06-01,0.285006433725357,0.524127423763275
"7",1902-07-01,0.320543229579926,0.664983332157135
"8",1902-08-01,0.14984267950058,0.272946894168854
"9",1902-09-01,0.139959082007408,0.246592059731483
"10",1902-10-01,0.148897379636765,0.380813449621201
"11",1902-11-01,1.20228958129883,2.13632464408875
"12",1902-12-01,1.59019529819489,2.53716063499451
"13",1903-01-01,1.14573562145233,1.71145391464233
"14",1903-02-01,0.690961956977844,1.28680408000946
"15",1903-03-01,0.579826414585114,1.10559713840485
"16",1903-04-01,0.395713329315186,0.87244063615799
"17",1903-05-01,0.452662914991379,0.939484357833862
"18",1903-06-01,0.262731462717056,0.586096584796906
"19",1903-07-01,0.114527888596058,0.254447817802429
"20",1903-08-01,0.108586683869362,0.244363978505135
"21",1903-09-01,0.0919575989246368,0.191909998655319
"22",1903-10-01,0.105774790048599,0.217402160167694
"23",1903-11-01,0.180136755108833,0.471555352210999
"24",1903-12-01,0.16797037422657,0.577979266643524
"25",1904-01-01,0.204288452863693,0.673688530921936
"26",1904-02-01,0.341955006122589,1.00165998935699
"27",1904-03-01,0.638802826404572,1.38792598247528
"28",1904-04-01,0.493472993373871,1.01845288276672
"29",1904-05-01,0.465160101652145,0.942787528038025
"30",1904-06-01,0.320058852434158,0.664262592792511
"31",1904-07-01,0.165623888373375,0.32596430182457
"32",1904-08-01,0.132618635892868,0.243123650550842
"33",1904-09-01,0.20714870095253,0.3520467877388
"34",1904-10-01,0.13833723962307,0.33814924955368
"35",1904-11-01,1.29600870609283,2.38294696807861
"36",1904-12-01,1.73322200775146,2.59409475326538
"37",1905-01-01,1.53420257568359,2.88022780418396
"38",1905-02-01,0.801218509674072,1.32754147052765
"39",1905-03-01,0.650183916091919,0.907096207141876
"40",1905-04-01,0.906749069690704,1.95797693729401
"41",1905-05-01,0.62601900100708,1.67000830173492
"42",1905-06-01,0.408329457044601,1.0668466091156
"43",1905-07-01,0.188832476735115,0.42816898226738
"44",1905-08-01,0.0699517130851746,0.0842668116092682
"45",1905-09-01,0.0895144268870354,0.122708402574062
"46",1905-10-01,0.144318968057632,0.501020669937134
"47",1905-11-01,0.20944944024086,0.412544578313828
"48",1905-12-01,0.418158322572708,1.37405276298523
"49",1906-01-01,0.599950671195984,1.45611572265625
"50",1906-02-01,0.379910081624985,0.678743779659271
"51",1906-03-01,0.839967906475067,1.54057097434998
"52",1906-04-01,0.645309805870056,1.01556611061096
"53",1906-05-01,0.769020020961761,0.842330873012543
"54",1906-06-01,0.364590287208557,0.621360421180725
"55",1906-07-01,0.225560307502747,0.340658098459244
"56",1906-08-01,0.112778842449188,0.223909005522728
"57",1906-09-01,0.182147607207298,0.489907115697861
"58",1906-10-01,0.232670649886131,0.861602485179901
"59",1906-11-01,0.666649639606476,1.30487203598022
"60",1906-12-01,0.837928831577301,2.21278309822083
"61",1907-01-01,1.55664753913879,2.9846715927124
"62",1907-02-01,0.99980765581131,1.58699679374695
"63",1907-03-01,2.1047842502594,1.31156349182129
"64",1907-04-01,1.97511804103851,2.12225818634033
"65",1907-05-01,0.639254987239838,0.80514657497406
"66",1907-06-01,0.317025512456894,0.334965199232101
"67",1907-07-01,0.216314718127251,0.168810188770294
"68",1907-08-01,0.186659753322601,0.0894355252385139
"69",1907-09-01,0.632927060127258,0.189128145575523
"70",1907-10-01,0.20318628847599,0.120926283299923
"71",1907-11-01,0.157693222165108,0.0911520794034004
"72",1907-12-01,0.793859302997589,0.568401396274567
"73",1908-01-01,1.63073837757111,1.00281322002411
"74",1908-02-01,2.92758274078369,1.34832501411438
"75",1908-03-01,1.28723812103271,0.796814620494843
"76",1908-04-01,0.659684538841248,0.595723092556
"77",1908-05-01,0.309982001781464,0.4561567902565
"78",1908-06-01,0.247232213616371,0.351124167442322
"79",1908-07-01,0.19009630382061,0.241408124566078
"80",1908-08-01,0.0993024036288261,0.134810015559196
"81",1908-09-01,0.0791835859417915,0.128026261925697
"82",1908-10-01,0.0670574903488159,0.219450935721397
"83",1908-11-01,0.392788112163544,0.535637021064758
"84",1908-12-01,1.00203549861908,0.797681391239166
"85",1909-01-01,0.622144639492035,0.453390836715698
"86",1909-02-01,1.00975954532623,0.371339499950409
"87",1909-03-01,0.981067657470703,0.802352070808411
"88",1909-04-01,0.61179792881012,0.575162053108215
"89",1909-05-01,0.327046066522598,0.275478065013885
"90",1909-06-01,0.312070667743683,0.312379240989685
"91",1909-07-01,0.0991673767566681,0.122334994375706
"92",1909-08-01,0.120960645377636,0.144395679235458
"93",1909-09-01,0.0919996947050095,0.117502503097057
"94",1909-10-01,0.146486505866051,0.0945622771978378
"95",1909-11-01,3.23365473747253,1.13202285766602
"96",1909-12-01,1.08530390262604,0.806378781795502
"97",1910-01-01,0.695831835269928,0.768307447433472
"98",1910-02-01,0.412748575210571,0.467463701963425
"99",1910-03-01,0.246815741062164,0.336956918239594
"100",1910-04-01,0.299797296524048,0.514068007469177
"101",1910-05-01,0.212620064616203,0.427162855863571
"102",1910-06-01,0.108702145516872,0.501626670360565
"103",1910-07-01,0.0816670209169388,0.304825663566589
"104",1910-08-01,0.0752407312393188,0.12854528427124
"105",1910-09-01,0.0785175561904907,0.121874623000622
"106",1910-10-01,0.488919854164124,0.319429457187653
"107",1910-11-01,0.531385600566864,0.215777337551117
"108",1910-12-01,0.20257979631424,0.0802839025855064
"109",1911-01-01,0.991390824317932,0.812603533267975
"110",1911-02-01,1.29415655136108,1.2587057352066
"111",1911-03-01,1.43000757694244,0.792021512985229
"112",1911-04-01,1.12036800384521,1.18896198272705
"113",1911-05-01,0.343507140874863,0.433876395225525
"114",1911-06-01,0.282684177160263,0.485869348049164
"115",1911-07-01,0.287610739469528,0.342827260494232
"116",1911-08-01,0.166983172297478,0.167382448911667
"117",1911-09-01,0.112792894244194,0.0875041037797928
"118",1911-10-01,0.0816725194454193,0.0882911682128906
"119",1911-11-01,0.0630685389041901,0.0670822784304619
"120",1911-12-01,0.0611063428223133,0.0687464699149132
"121",1912-01-01,0.253153771162033,0.0871081650257111
"122",1912-02-01,0.400762408971786,0.343731284141541
"123",1912-03-01,0.294094204902649,0.326264142990112
"124",1912-04-01,1.07398986816406,1.33318614959717
"125",1912-05-01,0.577167868614197,1.05556988716125
"126",1912-06-01,0.918993353843689,0.688194692134857
"127",1912-07-01,0.601909935474396,0.728169858455658
"128",1912-08-01,0.230617761611938,0.348889052867889
"129",1912-09-01,0.0951710417866707,0.145168527960777
"130",1912-10-01,0.305469214916229,0.670116424560547
"131",1912-11-01,0.285560637712479,0.496077537536621
"132",1912-12-01,2.34910893440247,3.40478682518005
"133",1913-01-01,2.29586243629456,2.02071475982666
"134",1913-02-01,2.0358247756958,1.53440630435944
"135",1913-03-01,1.83698678016663,1.28751361370087
"136",1913-04-01,1.02555406093597,1.03784370422363
"137",1913-05-01,1.05593287944794,1.38628661632538
"138",1913-06-01,0.83771538734436,1.53596115112305
"139",1913-07-01,0.37758681178093,0.458163559436798
"140",1913-08-01,0.135059639811516,0.194913983345032
"141",1913-09-01,0.32632178068161,0.193617045879364
"142",1913-10-01,0.142967537045479,0.868022799491882
"143",1913-11-01,0.0937972366809845,0.965313732624054
"144",1913-12-01,0.291300922632217,1.43448781967163
"145",1914-01-01,1.18469059467316,1.73904299736023
"146",1914-02-01,0.61503279209137,0.832458674907684
"147",1914-03-01,0.486356556415558,0.908954083919525
"148",1914-04-01,0.718289315700531,2.07868361473083
"149",1914-05-01,0.511059105396271,1.60748326778412
"150",1914-06-01,0.341740995645523,0.807785511016846
"151",1914-07-01,0.17843009531498,0.339689016342163
"152",1914-08-01,0.104641675949097,0.392993837594986
"153",1914-09-01,0.203150048851967,0.457323551177979
"154",1914-10-01,0.356733858585358,1.57920551300049
"155",1914-11-01,0.373720973730087,1.79665064811707
"156",1914-12-01,0.193148046731949,0.693627119064331
"157",1915-01-01,0.365251839160919,0.271994054317474
"158",1915-02-01,0.359269469976425,0.474762558937073
"159",1915-03-01,1.62081789970398,1.60611152648926
"160",1915-04-01,1.11537873744965,1.75454008579254
"161",1915-05-01,0.686618149280548,0.91781759262085
"162",1915-06-01,0.294057905673981,0.323860108852386
"163",1915-07-01,0.179056823253632,0.246638283133507
"164",1915-08-01,0.157534301280975,0.246620357036591
"165",1915-09-01,0.189402371644974,0.530247390270233
"166",1915-10-01,0.116130784153938,0.419093281030655
"167",1915-11-01,0.571228325366974,1.91993546485901
"168",1915-12-01,1.87767004966736,3.59559679031372
"169",1916-01-01,2.34011745452881,3.35368943214417
"170",1916-02-01,1.0448043346405,1.32653963565826
"171",1916-03-01,0.658108115196228,0.873859226703644
"172",1916-04-01,0.385841280221939,0.586463809013367
"173",1916-05-01,0.324717402458191,0.533194243907928
"174",1916-06-01,0.136499091982841,0.264983355998993
"175",1916-07-01,0.117753803730011,0.137779206037521
"176",1916-08-01,0.0875891447067261,0.0892627164721489
"177",1916-09-01,0.0929465740919113,0.197814494371414
"178",1916-10-01,0.0804347172379494,0.164911463856697
"179",1916-11-01,0.0588161423802376,0.0738026648759842
"180",1916-12-01,0.250944912433624,0.097057893872261
"181",1917-01-01,0.323101669549942,0.232556015253067
"182",1917-02-01,0.785562634468079,0.865348041057587
"183",1917-03-01,0.896831393241882,1.3709522485733
"184",1917-04-01,0.468127995729446,0.602305948734283
"185",1917-05-01,0.350920289754868,0.411270439624786
"186",1917-06-01,0.472504913806915,0.942024290561676
"187",1917-07-01,0.2836092710495,0.511617958545685
"188",1917-08-01,0.143044292926788,0.224250704050064
"189",1917-09-01,0.106283612549305,0.196331083774567
"190",1917-10-01,0.0834589228034019,0.0950406491756439
"191",1917-11-01,0.121054939925671,0.152155756950378
"192",1917-12-01,0.18617071211338,0.349373787641525
"193",1918-01-01,0.287022203207016,0.284172713756561
"194",1918-02-01,0.288629770278931,0.398348480463028
"195",1918-03-01,0.274280369281769,0.354973316192627
"196",1918-04-01,0.191808432340622,0.229815766215324
"197",1918-05-01,0.0853404477238655,0.140216708183289
"198",1918-06-01,0.121002353727818,0.255516439676285
"199",1918-07-01,0.105222783982754,0.124900631606579
"200",1918-08-01,0.103209540247917,0.0915152058005333
"201",1918-09-01,0.0947813987731934,0.0748973041772842
"202",1918-10-01,0.0737057477235794,0.0758024230599403
"203",1918-11-01,0.0824959054589272,0.105546869337559
"204",1918-12-01,0.114360108971596,0.194786339998245
"205",1919-01-01,0.0857999622821808,0.14302271604538
"206",1919-02-01,0.352650374174118,0.845965206623077
"207",1919-03-01,0.49195396900177,0.929840326309204
"208",1919-04-01,0.383070111274719,1.12281954288483
"209",1919-05-01,0.805767059326172,1.82970547676086
"210",1919-06-01,0.7136150598526,1.98224079608917
"211",1919-07-01,0.340817779302597,0.749531805515289
"212",1919-08-01,0.253422915935516,0.435810714960098
"213",1919-09-01,0.147364020347595,0.252709835767746
"214",1919-10-01,0.188099518418312,0.214524045586586
"215",1919-11-01,0.528549253940582,1.08788502216339
"216",1919-12-01,0.958472847938538,1.45021140575409
"217",1920-01-01,2.44580292701721,2.22152495384216
"218",1920-02-01,1.14944100379944,0.990745782852173
"219",1920-03-01,0.892200529575348,0.726918995380402
"220",1920-04-01,0.434158176183701,0.482936173677444
"221",1920-05-01,0.234190702438354,0.286651521921158
"222",1920-06-01,0.143693119287491,0.132247909903526
"223",1920-07-01,0.0964111387729645,0.114478699862957
"224",1920-08-01,0.0736722946166992,0.0877420082688332
"225",1920-09-01,0.0822084322571754,0.0986639261245728
"226",1920-10-01,0.337033629417419,0.794863641262054
"227",1920-11-01,0.171498522162437,0.375820398330688
"228",1920-12-01,0.0886467546224594,0.123460955917835
"229",1921-01-01,0.205099135637283,0.382652014493942
"230",1921-02-01,0.181892961263657,0.317860752344131
"231",1921-03-01,0.213579669594765,0.322755843400955
"232",1921-04-01,0.325770139694214,0.669321238994598
"233",1921-05-01,0.0933856815099716,0.193183720111847
"234",1921-06-01,0.120468355715275,0.168922886252403
"235",1921-07-01,0.0760924369096756,0.123445354402065
"236",1921-08-01,0.0504886284470558,0.0677001923322678
"237",1921-09-01,0.155005767941475,0.35459953546524
"238",1921-10-01,0.463483989238739,2.35600137710571
"239",1921-11-01,0.161090478301048,0.759061753749847
"240",1921-12-01,1.21335220336914,2.76869058609009
"241",1922-01-01,0.734683692455292,1.49149465560913
"242",1922-02-01,0.361524343490601,1.17207741737366
"243",1922-03-01,0.546457946300507,1.99031257629395
"244",1922-04-01,0.273942202329636,1.45851218700409
"245",1922-05-01,0.18295693397522,0.730239987373352
"246",1922-06-01,0.21625953912735,0.968576967716217
"247",1922-07-01,0.0677590072154999,0.185634315013885
"248",1922-08-01,0.063136525452137,0.191788926720619
"249",1922-09-01,0.0728667974472046,0.158848747611046
"250",1922-10-01,0.263424664735794,0.955308318138123
"251",1922-11-01,0.491149663925171,1.55559861660004
"252",1922-12-01,0.698723673820496,1.66744208335876
"253",1923-01-01,1.17581760883331,1.50982391834259
"254",1923-02-01,1.22638332843781,1.53631961345673
"255",1923-03-01,0.835342466831207,1.11529278755188
"256",1923-04-01,0.466048330068588,0.633487939834595
"257",1923-05-01,0.233614161610603,0.272771775722504
"258",1923-06-01,0.129848524928093,0.149091348052025
"259",1923-07-01,0.14533144235611,0.0836928710341454
"260",1923-08-01,0.129941135644913,0.0734813660383224
"261",1923-09-01,0.0842498987913132,0.0455393083393574
"262",1923-10-01,0.450543850660324,0.721248924732208
"263",1923-11-01,0.259323835372925,0.666959166526794
"264",1923-12-01,1.44773375988007,1.06561326980591
"265",1924-01-01,0.849163055419922,0.573150455951691
"266",1924-02-01,3.17485451698303,1.69373667240143
"267",1924-03-01,1.60776269435883,1.17917466163635
"268",1924-04-01,1.096116065979,1.66134905815125
"269",1924-05-01,0.368621468544006,0.583155810832977
"270",1924-06-01,0.188395068049431,0.1980911642313
"271",1924-07-01,0.195079177618027,0.150107726454735
"272",1924-08-01,0.112950369715691,0.145359218120575
"273",1924-09-01,0.0863823518157005,0.0686607360839844
"274",1924-10-01,0.145366981625557,0.560428142547607
"275",1924-11-01,0.147099003195763,0.27966445684433
"276",1924-12-01,0.0721990391612053,0.163305923342705
"277",1925-01-01,0.0731886476278305,0.169248148798943
"278",1925-02-01,0.0385999418795109,0.148277059197426
"279",1925-03-01,0.0718251615762711,0.439563721418381
"280",1925-04-01,0.500664830207825,1.20951080322266
"281",1925-05-01,0.292466849088669,0.531189978122711
"282",1925-06-01,0.209116786718369,0.411429166793823
"283",1925-07-01,0.143941104412079,0.517590701580048
"284",1925-08-01,0.0871154591441154,0.193294152617455
"285",1925-09-01,0.0799356177449226,0.129063040018082
"286",1925-10-01,0.163480162620544,0.222143605351448
"287",1925-11-01,0.816680729389191,0.66625440120697
"288",1925-12-01,2.42159223556519,0.889161050319672
"289",1926-01-01,1.46792531013489,0.680967748165131
"290",1926-02-01,1.13038969039917,0.551765561103821
"291",1926-03-01,1.41794002056122,1.81392085552216
"292",1926-04-01,0.781194925308228,1.18070530891418
"293",1926-05-01,0.306710481643677,0.670774579048157
"294",1926-06-01,0.205523312091827,0.329635232686996
"295",1926-07-01,0.144921958446503,0.165358424186707
"296",1926-08-01,0.122455529868603,0.167811557650566
"297",1926-09-01,0.0996425971388817,0.27891343832016
"298",1926-10-01,0.0919712260365486,0.382884055376053
"299",1926-11-01,0.0913621708750725,0.188848152756691
"300",1926-12-01,0.230358585715294,1.21106517314911
"301",1927-01-01,0.313851892948151,1.13098132610321
"302",1927-02-01,0.508179485797882,0.928287088871002
"303",1927-03-01,0.503782749176025,0.791498839855194
"304",1927-04-01,0.345168024301529,0.873870432376862
"305",1927-05-01,0.202237352728844,0.617007195949554
"306",1927-06-01,0.132107481360435,0.382177084684372
"307",1927-07-01,0.110856033861637,0.391226559877396
"308",1927-08-01,0.0795591026544571,0.292880922555923
"309",1927-09-01,0.0749816000461578,0.115658603608608
"310",1927-10-01,0.0970337092876434,0.280507951974869
"311",1927-11-01,0.0928197726607323,0.380323112010956
"312",1927-12-01,0.325095027685165,1.64427280426025
"313",1928-01-01,0.28626075387001,0.731651842594147
"314",1928-02-01,0.341707676649094,1.3742653131485
"315",1928-03-01,0.387776464223862,1.03352582454681
"316",1928-04-01,0.21086297929287,0.622219979763031
"317",1928-05-01,0.0932104736566544,0.364011436700821
"318",1928-06-01,0.111903764307499,0.427015721797943
"319",1928-07-01,0.0620818547904491,0.131797894835472
"320",1928-08-01,0.084266722202301,0.166441723704338
"321",1928-09-01,0.0811882466077805,0.0929984748363495
"322",1928-10-01,0.0666254535317421,0.169227719306946
"323",1928-11-01,0.293107569217682,0.124169662594795
"324",1928-12-01,0.494163244962692,0.311785012483597
"325",1929-01-01,0.817570984363556,0.689883649349213
"326",1929-02-01,1.13633573055267,1.15398800373077
"327",1929-03-01,1.38500678539276,1.2929025888443
"328",1929-04-01,1.31551945209503,1.5860583782196
"329",1929-05-01,0.440136313438416,0.638628900051117
"330",1929-06-01,0.238643959164619,0.430996686220169
"331",1929-07-01,0.234130173921585,0.29707807302475
"332",1929-08-01,0.0666452869772911,0.143214195966721
"333",1929-09-01,0.113776333630085,0.281265825033188
"334",1929-10-01,0.100181266665459,0.303074836730957
"335",1929-11-01,0.132411032915115,0.451720267534256
"336",1929-12-01,0.232133418321609,0.680662393569946
"337",1930-01-01,0.524535238742828,0.860716640949249
"338",1930-02-01,0.596502065658569,1.12753248214722
"339",1930-03-01,0.595591425895691,1.16758215427399
"340",1930-04-01,0.468794196844101,0.980252146720886
"341",1930-05-01,0.488676965236664,0.797982692718506
"342",1930-06-01,0.363449484109879,0.662194848060608
"343",1930-07-01,0.165544956922531,0.315901786088943
"344",1930-08-01,0.106902234256268,0.196656495332718
"345",1930-09-01,0.121070519089699,0.208502903580666
"346",1930-10-01,0.134132295846939,0.346637785434723
"347",1930-11-01,0.268219143152237,0.845977783203125
"348",1930-12-01,0.515230715274811,1.71645641326904
"349",1931-01-01,0.531253695487976,1.2855681180954
"350",1931-02-01,0.490947544574738,0.726397573947906
"351",1931-03-01,0.694190263748169,1.47126889228821
"352",1931-04-01,1.2691867351532,1.99647080898285
"353",1931-05-01,0.642423331737518,0.796450138092041
"354",1931-06-01,0.350575238466263,0.460090011358261
"355",1931-07-01,0.177305832505226,0.27554389834404
"356",1931-08-01,0.118685752153397,0.207093670964241
"357",1931-09-01,0.124992832541466,0.135073691606522
"358",1931-10-01,0.0876889377832413,0.131167784333229
"359",1931-11-01,0.101921379566193,0.776977598667145
"360",1931-12-01,0.289370030164719,2.21713948249817
"361",1932-01-01,0.501695573329926,1.83108258247375
"362",1932-02-01,0.556489288806915,1.99523258209229
"363",1932-03-01,0.923436462879181,1.92273139953613
"364",1932-04-01,1.13781833648682,2.80634450912476
"365",1932-05-01,0.642488241195679,1.29686856269836
"366",1932-06-01,0.352649986743927,0.757421910762787
"367",1932-07-01,0.222257405519485,0.393724858760834
"368",1932-08-01,0.147102072834969,0.256940066814423
"369",1932-09-01,0.130825012922287,0.205765053629875
"370",1932-10-01,0.0873796194791794,0.108732491731644
"371",1932-11-01,0.261518269777298,2.02831816673279
"372",1932-12-01,0.312989205121994,1.72420287132263
"373",1933-01-01,0.360390335321426,1.65322065353394
"374",1933-02-01,0.597785890102386,1.81237423419952
"375",1933-03-01,0.719698309898376,2.13244080543518
"376",1933-04-01,0.780831873416901,2.26877236366272
"377",1933-05-01,0.455517202615738,1.71520459651947
"378",1933-06-01,0.300780147314072,1.11898517608643
"379",1933-07-01,0.23013710975647,0.6120485663414
"380",1933-08-01,0.16253200173378,0.316695541143417
"381",1933-09-01,0.180921658873558,1.66606974601746
"382",1933-10-01,0.184273079037666,0.982910215854645
"383",1933-11-01,0.477161079645157,2.00507378578186
"384",1933-12-01,1.26418304443359,2.92556571960449
"385",1934-01-01,1.50234138965607,2.43000221252441
"386",1934-02-01,1.51786017417908,2.67935299873352
"387",1934-03-01,0.9242884516716,1.63833355903625
"388",1934-04-01,0.640858948230743,0.935373425483704
"389",1934-05-01,0.417420893907547,0.627351880073547
"390",1934-06-01,0.320093780755997,0.679496109485626
"391",1934-07-01,0.313925057649612,0.341339379549026
"392",1934-08-01,0.114075899124146,0.20024311542511
"393",1934-09-01,0.107548452913761,0.207405641674995
"394",1934-10-01,0.158769771456718,0.605129063129425
"395",1934-11-01,0.151397868990898,0.802185416221619
"396",1934-12-01,0.423652857542038,2.19455671310425
"397",1935-01-01,1.64109551906586,2.29010224342346
"398",1935-02-01,1.69830870628357,2.26877522468567
"399",1935-03-01,1.28938448429108,1.98579740524292
"400",1935-04-01,0.893058657646179,1.60620605945587
"401",1935-05-01,0.376488924026489,0.668123006820679
"402",1935-06-01,0.325482785701752,0.478800356388092
"403",1935-07-01,0.221767827868462,0.274312138557434
"404",1935-08-01,0.0685774832963943,0.164499461650848
"405",1935-09-01,0.0625251084566116,0.136324375867844
"406",1935-10-01,0.0731052383780479,0.283784180879593
"407",1935-11-01,0.155703961849213,0.879344582557678
"408",1935-12-01,0.314879179000854,1.39385807514191
"409",1936-01-01,0.453892797231674,1.43660354614258
"410",1936-02-01,0.792331635951996,1.70157659053802
"411",1936-03-01,0.751370549201965,1.44313037395477
"412",1936-04-01,0.514936089515686,1.08677613735199
"413",1936-05-01,0.571802079677582,1.35146355628967
"414",1936-06-01,0.476586550474167,1.11791217327118
"415",1936-07-01,0.252137839794159,0.508743584156036
"416",1936-08-01,0.150174483656883,0.265324234962463
"417",1936-09-01,0.157075121998787,0.260980218648911
"418",1936-10-01,0.325435221195221,0.820879936218262
"419",1936-11-01,0.544646263122559,1.23240101337433
"420",1936-12-01,0.696408450603485,1.60399150848389
"421",1937-01-01,0.672116756439209,1.22563397884369
"422",1937-02-01,0.565050005912781,1.07406091690063
"423",1937-03-01,0.435267597436905,0.906199753284454
"424",1937-04-01,0.402177214622498,1.05630767345428
"425",1937-05-01,0.326881855726242,0.945023953914642
"426",1937-06-01,0.232100591063499,0.593690872192383
"427",1937-07-01,0.0787878856062889,0.161826327443123
"428",1937-08-01,0.0853585675358772,0.136314392089844
"429",1937-09-01,0.0840318575501442,0.142164930701256
"430",1937-10-01,0.13893124461174,0.301510244607925
"431",1937-11-01,0.209367647767067,0.858372449874878
"432",1937-12-01,0.585994601249695,1.2994110584259
"433",1938-01-01,0.783828914165497,1.38315522670746
"434",1938-02-01,0.827426552772522,1.642782330513
"435",1938-03-01,1.05322563648224,1.5811539888382
"436",1938-04-01,1.24962770938873,2.00343155860901
"437",1938-05-01,0.558831989765167,0.867540538311005
"438",1938-06-01,0.296851843595505,0.41357833147049
"439",1938-07-01,0.121171958744526,0.164686873555183
"440",1938-08-01,0.100096143782139,0.11619433760643
"441",1938-09-01,0.11930775642395,0.199648261070251
"442",1938-10-01,0.119004182517529,0.241081982851028
"443",1938-11-01,0.177893802523613,0.58347749710083
"444",1938-12-01,0.342426210641861,1.17548167705536
"445",1939-01-01,0.272925168275833,0.64010089635849
"446",1939-02-01,0.687361001968384,1.60545134544373
"447",1939-03-01,1.22471654415131,2.43308234214783
"448",1939-04-01,0.808039784431458,1.4296795129776
"449",1939-05-01,0.412531614303589,0.687573909759521
"450",1939-06-01,0.240111157298088,0.412630826234818
"451",1939-07-01,0.268058478832245,0.359646022319794
"452",1939-08-01,0.339628756046295,0.313480019569397
"453",1939-09-01,0.16836778819561,0.190352082252502
"454",1939-10-01,0.160592138767242,0.549544215202332
"455",1939-11-01,0.378213584423065,1.50440895557404
"456",1939-12-01,0.646060287952423,1.70129597187042
"457",1940-01-01,0.976863861083984,2.04399013519287
"458",1940-02-01,2.12758302688599,1.68190121650696
"459",1940-03-01,1.68374574184418,3.09499144554138
"460",1940-04-01,1.4182493686676,1.8251359462738
"461",1940-05-01,1.0047173500061,0.92295253276825
"462",1940-06-01,0.597586095333099,0.574280261993408
"463",1940-07-01,0.283789962530136,0.344081163406372
"464",1940-08-01,0.213059023022652,0.226036742329597
"465",1940-09-01,0.131403669714928,0.160371065139771
"466",1940-10-01,0.156262457370758,0.190470784902573
"467",1940-11-01,0.190702542662621,0.213702738285065
"468",1940-12-01,0.9635990858078,1.10857737064362
"469",1941-01-01,1.2362208366394,2.01954698562622
"470",1941-02-01,1.06458640098572,1.22998476028442
"471",1941-03-01,1.83202517032623,3.33956742286682
"472",1941-04-01,0.984869718551636,1.90311574935913
"473",1941-05-01,0.359509140253067,0.907775580883026
"474",1941-06-01,0.258884370326996,0.522317171096802
"475",1941-07-01,0.1483254134655,0.356357306241989
"476",1941-08-01,0.103212781250477,0.308242380619049
"477",1941-09-01,0.118561454117298,0.918481945991516
"478",1941-10-01,0.126274302601814,0.727623045444489
"479",1941-11-01,0.296970933675766,1.71203875541687
"480",1941-12-01,0.448038220405579,1.77076399326324
"481",1942-01-01,0.880867660045624,2.13797545433044
"482",1942-02-01,0.648627698421478,1.17092835903168
"483",1942-03-01,0.734043002128601,1.83191776275635
"484",1942-04-01,0.733845233917236,1.85220754146576
"485",1942-05-01,0.483779400587082,1.19159638881683
"486",1942-06-01,0.301344484090805,0.627895355224609
"487",1942-07-01,0.161299794912338,0.303697645664215
"488",1942-08-01,0.085630476474762,0.164446920156479
"489",1942-09-01,0.0955462232232094,0.148147091269493
"490",1942-10-01,0.196965977549553,0.42108154296875
"491",1942-11-01,0.461137235164642,1.5794095993042
"492",1942-12-01,0.431425452232361,1.2182742357254
"493",1943-01-01,1.42474353313446,1.76485216617584
"494",1943-02-01,1.06147086620331,1.15439057350159
"495",1943-03-01,0.796420335769653,1.22234666347504
"496",1943-04-01,0.758228719234467,1.58225560188293
"497",1943-05-01,0.526690125465393,0.877957105636597
"498",1943-06-01,0.397823691368103,0.596237599849701
"499",1943-07-01,0.230978816747665,0.340602248907089
"500",1943-08-01,0.102781414985657,0.177415400743484
"501",1943-09-01,0.096191331744194,0.179775282740593
"502",1943-10-01,0.203593283891678,0.25286266207695
"503",1943-11-01,0.285252064466476,0.295718401670456
"504",1943-12-01,0.393426477909088,1.44192051887512
"505",1944-01-01,0.63431191444397,2.33525919914246
"506",1944-02-01,0.832199394702911,1.78257060050964
"507",1944-03-01,1.45359325408936,1.70198249816895
"508",1944-04-01,0.954681873321533,1.3414192199707
"509",1944-05-01,0.592665433883667,0.882315337657928
"510",1944-06-01,0.350739151239395,0.699304223060608
"511",1944-07-01,0.243197023868561,0.365084856748581
"512",1944-08-01,0.170352667570114,0.217037096619606
"513",1944-09-01,0.137282937765121,0.187462463974953
"514",1944-10-01,0.144185408949852,0.141370534896851
"515",1944-11-01,0.306342422962189,0.518060922622681
"516",1944-12-01,1.00895190238953,0.912754535675049
"517",1945-01-01,0.905386507511139,1.01142621040344
"518",1945-02-01,0.987889885902405,1.21590280532837
"519",1945-03-01,1.06118559837341,1.79060578346252
"520",1945-04-01,0.929142355918884,1.98402273654938
"521",1945-05-01,0.335577011108398,0.84842437505722
"522",1945-06-01,0.242444083094597,0.452574580907822
"523",1945-07-01,0.150920256972313,0.30090406537056
"524",1945-08-01,0.110297776758671,0.240590080618858
"525",1945-09-01,0.106800206005573,0.196090787649155
"526",1945-10-01,0.202473625540733,0.350802779197693
"527",1945-11-01,0.336037844419479,0.634944021701813
"528",1945-12-01,0.589224338531494,0.749670445919037
"529",1946-01-01,0.754850625991821,1.87144100666046
"530",1946-02-01,1.04727339744568,2.75370478630066
"531",1946-03-01,1.74997138977051,2.97075438499451
"532",1946-04-01,1.20986330509186,2.0307891368866
"533",1946-05-01,0.698677241802216,1.23279750347137
"534",1946-06-01,0.405985951423645,0.981049597263336
"535",1946-07-01,0.220622703433037,0.524594664573669
"536",1946-08-01,0.133442953228951,0.2705098092556
"537",1946-09-01,0.160947665572166,0.293064475059509
"538",1946-10-01,0.248330503702164,1.10730612277985
"539",1946-11-01,0.181200101971626,0.470328480005264
"540",1946-12-01,0.172856047749519,0.282930642366409
"541",1947-01-01,0.711560368537903,0.992541611194611
"542",1947-02-01,0.688048958778381,1.18239033222198
"543",1947-03-01,0.531307339668274,1.05003690719604
"544",1947-04-01,0.268885999917984,0.610339879989624
"545",1947-05-01,0.111239209771156,0.288895577192307
"546",1947-06-01,0.14796207845211,0.292048215866089
"547",1947-07-01,0.10267685353756,0.243103265762329
"548",1947-08-01,0.0677786692976952,0.133110553026199
"549",1947-09-01,0.0745348483324051,0.138096824288368
"550",1947-10-01,0.0676527097821236,0.344683974981308
"551",1947-11-01,0.340233832597733,1.1543025970459
"552",1947-12-01,0.395738065242767,1.02962756156921
"553",1948-01-01,0.421043634414673,0.936882257461548
"554",1948-02-01,0.960046887397766,1.68801891803741
"555",1948-03-01,1.61963653564453,2.62298178672791
"556",1948-04-01,1.15157973766327,2.24881172180176
"557",1948-05-01,0.474379539489746,0.932633280754089
"558",1948-06-01,0.3747778236866,0.795121848583221
"559",1948-07-01,0.217666357755661,0.452105134725571
"560",1948-08-01,0.152350142598152,0.250028550624847
"561",1948-09-01,0.12877231836319,0.144631490111351
"562",1948-10-01,0.217856749892235,0.336822122335434
"563",1948-11-01,0.552244246006012,1.3683078289032
"564",1948-12-01,0.740017890930176,1.98092842102051
"565",1949-01-01,0.887504398822784,1.48116898536682
"566",1949-02-01,0.858913600444794,1.82404470443726
"567",1949-03-01,1.08292031288147,2.09653782844543
"568",1949-04-01,1.46948850154877,3.23908233642578
"569",1949-05-01,0.610417425632477,1.16786861419678
"570",1949-06-01,0.306709706783295,0.700581908226013
"571",1949-07-01,0.184848234057426,0.311710298061371
"572",1949-08-01,0.142885267734528,2.13864064216614
"573",1949-09-01,0.15860503911972,0.970303237438202
"574",1949-10-01,0.193512126803398,1.07396125793457
"575",1949-11-01,0.141298875212669,0.395018398761749
"576",1949-12-01,0.31490421295166,0.861831605434418
"577",1950-01-01,0.661159217357635,1.84799194335938
"578",1950-02-01,1.15846180915833,2.05918121337891
"579",1950-03-01,1.11807405948639,1.77356493473053
"580",1950-04-01,0.424274384975433,0.782648503780365
"581",1950-05-01,0.28146493434906,0.699332118034363
"582",1950-06-01,0.272030889987946,0.624775350093842
"583",1950-07-01,0.189805805683136,0.365264773368835
"584",1950-08-01,0.10538724809885,0.19874495267868
"585",1950-09-01,0.0818502679467201,0.109554030001163
"586",1950-10-01,0.0793586894869804,0.295187890529633
"587",1950-11-01,0.131576552987099,0.343303382396698
"588",1950-12-01,0.106133803725243,0.215046241879463
"589",1951-01-01,0.153240174055099,0.373901188373566
"590",1951-02-01,0.248642802238464,0.572844505310059
"591",1951-03-01,0.304995149374008,0.544992864131927
"592",1951-04-01,0.277845174074173,0.658582031726837
"593",1951-05-01,0.245874553918839,0.652153551578522
"594",1951-06-01,0.220198065042496,0.48514512181282
"595",1951-07-01,0.159104242920876,0.316508740186691
"596",1951-08-01,0.109118960797787,0.202003091573715
"597",1951-09-01,0.127034708857536,0.472710847854614
"598",1951-10-01,0.205685555934906,1.12870311737061
"599",1951-11-01,0.432740449905396,1.28778302669525
"600",1951-12-01,0.74254184961319,2.35201859474182
"601",1952-01-01,1.14869093894958,1.5417867898941
"602",1952-02-01,1.39451241493225,2.03684902191162
"603",1952-03-01,1.48147237300873,2.08253860473633
"604",1952-04-01,0.793243646621704,1.59697759151459
"605",1952-05-01,0.530047714710236,1.06557500362396
"606",1952-06-01,0.387907654047012,1.44849741458893
"607",1952-07-01,0.231415271759033,0.360294848680496
"608",1952-08-01,0.134125396609306,0.235598266124725
"609",1952-09-01,0.119864173233509,0.192286193370819
"610",1952-10-01,0.118876956403255,0.175169512629509
"611",1952-11-01,0.137192755937576,0.143855035305023
"612",1952-12-01,0.152936428785324,0.29281821846962
"613",1953-01-01,0.278417199850082,0.503879070281982
"614",1953-02-01,0.600162506103516,1.84814214706421
"615",1953-03-01,1.18689334392548,2.04501676559448
"616",1953-04-01,0.816237509250641,1.24736547470093
"617",1953-05-01,0.44610720872879,0.734325587749481
"618",1953-06-01,0.219143927097321,0.416615098714828
"619",1953-07-01,0.165244445204735,0.281733572483063
"620",1953-08-01,0.13569287955761,0.210324704647064
"621",1953-09-01,0.125215113162994,0.182307794690132
"622",1953-10-01,0.229811102151871,0.289388656616211
"623",1953-11-01,0.963201582431793,3.30171465873718
"624",1953-12-01,0.901172161102295,1.31859564781189
"625",1954-01-01,1.57515525817871,1.49735999107361
"626",1954-02-01,1.2522292137146,1.43712174892426
"627",1954-03-01,1.24924528598785,1.72699975967407
"628",1954-04-01,1.16090428829193,1.76805329322815
"629",1954-05-01,0.64455509185791,1.21490359306335
"630",1954-06-01,0.306536883115768,0.442896068096161
"631",1954-07-01,0.145860254764557,0.278851896524429
"632",1954-08-01,0.0832166373729706,0.120970875024796
"633",1954-09-01,0.0875251367688179,0.0733707994222641
"634",1954-10-01,0.0809010416269302,0.118455171585083
"635",1954-11-01,0.0946371778845787,0.0979021638631821
"636",1954-12-01,0.416827231645584,0.300147652626038
"637",1955-01-01,0.403901398181915,0.271645843982697
"638",1955-02-01,0.398812294006348,0.273504704236984
"639",1955-03-01,0.779493033885956,0.680124640464783
"640",1955-04-01,0.895989894866943,1.17850506305695
"641",1955-05-01,0.367437750101089,0.655398368835449
"642",1955-06-01,0.254064947366714,0.397648394107819
"643",1955-07-01,0.110534712672234,0.188879400491714
"644",1955-08-01,0.0917889922857285,0.145431637763977
"645",1955-09-01,0.095697395503521,0.220305040478706
"646",1955-10-01,0.0697436705231667,0.203257784247398
"647",1955-11-01,0.119017221033573,1.16997909545898
"648",1955-12-01,0.217174634337425,2.47412586212158
"649",1956-01-01,0.484633296728134,2.17723608016968
"650",1956-02-01,1.39329671859741,3.44882965087891
"651",1956-03-01,1.3693939447403,2.64220213890076
"652",1956-04-01,0.656679272651672,1.49138331413269
"653",1956-05-01,0.419448465108871,1.03892719745636
"654",1956-06-01,0.210428595542908,0.691014289855957
"655",1956-07-01,0.218429625034332,0.47080272436142
"656",1956-08-01,0.152085140347481,0.282389372587204
"657",1956-09-01,0.0988481491804123,0.483906149864197
"658",1956-10-01,0.089674286544323,0.557500958442688
"659",1956-11-01,0.158861726522446,1.38633739948273
"660",1956-12-01,0.247282221913338,1.81392776966095
"661",1957-01-01,0.352250903844833,1.5229504108429
"662",1957-02-01,0.509214997291565,1.44149112701416
"663",1957-03-01,0.825263321399689,1.79145407676697
"664",1957-04-01,0.583464562892914,1.0876122713089
"665",1957-05-01,0.547183990478516,0.769855082035065
"666",1957-06-01,0.321124702692032,0.558685779571533
"667",1957-07-01,0.133818596601486,0.212984159588814
"668",1957-08-01,0.090213268995285,0.125560089945793
"669",1957-09-01,0.0908783599734306,0.154247269034386
"670",1957-10-01,0.112894922494888,0.55533230304718
"671",1957-11-01,0.194368258118629,0.748713970184326
"672",1957-12-01,0.228435084223747,0.804050624370575
"673",1958-01-01,0.755053043365479,1.92074847221375
"674",1958-02-01,0.547300040721893,1.18042480945587
"675",1958-03-01,1.53041040897369,1.87339854240417
"676",1958-04-01,1.13281118869781,1.84651601314545
"677",1958-05-01,0.469482362270355,0.887970507144928
"678",1958-06-01,0.313633561134338,0.537862002849579
"679",1958-07-01,0.215692639350891,0.54933488368988
"680",1958-08-01,0.115701019763947,0.301127433776855
"681",1958-09-01,0.151121914386749,0.193143054842949
"682",1958-10-01,0.138691276311874,0.74556291103363
"683",1958-11-01,0.182805925607681,1.11679255962372
"684",1958-12-01,0.572719812393188,1.8390486240387
"685",1959-01-01,1.01719462871552,1.89320981502533
"686",1959-02-01,1.39925873279572,2.67200541496277
"687",1959-03-01,1.41954660415649,1.91886270046234
"688",1959-04-01,0.895622849464417,1.32293319702148
"689",1959-05-01,0.561919391155243,2.04136228561401
"690",1959-06-01,0.366427928209305,1.0051361322403
"691",1959-07-01,0.180758133530617,0.322567343711853
"692",1959-08-01,0.116083219647408,0.304601907730103
"693",1959-09-01,0.136900275945663,0.472622990608215
"694",1959-10-01,0.198766499757767,1.09016919136047
"695",1959-11-01,0.361474901437759,1.33010029792786
"696",1959-12-01,0.390297949314117,1.18017029762268
"697",1960-01-01,0.798782527446747,1.3165557384491
"698",1960-02-01,1.27097380161285,2.20748662948608
"699",1960-03-01,1.19257569313049,1.64018023014069
"700",1960-04-01,1.16383540630341,2.35691857337952
"701",1960-05-01,0.586714744567871,1.07741105556488
"702",1960-06-01,0.300363093614578,0.561345338821411
"703",1960-07-01,0.215318769216537,0.325115710496902
"704",1960-08-01,0.140393614768982,0.249756425619125
"705",1960-09-01,0.120608910918236,0.21119886636734
"706",1960-10-01,0.108749769628048,0.152646094560623
"707",1960-11-01,0.165653184056282,0.173128917813301
"708",1960-12-01,0.15819875895977,0.206542372703552
"709",1961-01-01,0.339646369218826,0.680824935436249
"710",1961-02-01,0.701002299785614,1.02851665019989
"711",1961-03-01,1.01258993148804,1.59430181980133
"712",1961-04-01,0.429626852273941,0.811965942382812
"713",1961-05-01,0.215360760688782,0.401142835617065
"714",1961-06-01,0.181985706090927,0.321457892656326
"715",1961-07-01,0.144129291176796,0.277110695838928
"716",1961-08-01,0.0978152900934219,0.144890412688255
"717",1961-09-01,0.114425130188465,0.367277175188065
"718",1961-10-01,0.0918739140033722,0.189428701996803
"719",1961-11-01,0.204142019152641,1.10082411766052
"720",1961-12-01,0.458893299102783,1.76754355430603
"721",1962-01-01,0.629075050354004,1.3474622964859
"722",1962-02-01,1.33634603023529,2.60677433013916
"723",1962-03-01,0.966170608997345,1.92885303497314
"724",1962-04-01,0.460062295198441,1.14906430244446
"725",1962-05-01,0.308789849281311,0.719583332538605
"726",1962-06-01,0.233302116394043,0.422518730163574
"727",1962-07-01,0.15294623374939,0.257360845804214
"728",1962-08-01,0.105598010122776,0.150199249386787
"729",1962-09-01,0.077465608716011,0.135888159275055
"730",1962-10-01,0.125888362526894,0.531411349773407
"731",1962-11-01,0.111001186072826,0.358499377965927
"732",1962-12-01,0.569466352462769,1.58844196796417
"733",1963-01-01,1.29877758026123,3.02121806144714
"734",1963-02-01,1.05066990852356,1.95179796218872
"735",1963-03-01,1.29826200008392,2.51236200332642
"736",1963-04-01,1.11477696895599,2.44663596153259
"737",1963-05-01,0.540719509124756,1.3895947933197
"738",1963-06-01,0.329844027757645,0.760246574878693
"739",1963-07-01,0.185653328895569,0.363832920789719
"740",1963-08-01,0.0992099046707153,0.212714061141014
"741",1963-09-01,0.123768769204617,0.243190065026283
"742",1963-10-01,0.184286966919899,0.367264866828918
"743",1963-11-01,0.185271427035332,0.25170174241066
"744",1963-12-01,0.378208070993423,0.732391953468323
"745",1964-01-01,0.392962843179703,0.790915071964264
"746",1964-02-01,0.56123822927475,0.857870578765869
"747",1964-03-01,0.812468588352203,1.64041304588318
"748",1964-04-01,0.642851769924164,1.03361999988556
"749",1964-05-01,0.474011987447739,0.596716165542603
"750",1964-06-01,0.296170353889465,0.409307569265366
"751",1964-07-01,0.184982478618622,0.272343546152115
"752",1964-08-01,0.141214296221733,0.196668595075607
"753",1964-09-01,0.11770261079073,0.216989919543266
"754",1964-10-01,0.109055288136005,0.164991319179535
"755",1964-11-01,0.208675757050514,0.57710736989975
"756",1964-12-01,0.29308819770813,0.83285927772522
"757",1965-01-01,0.347071796655655,0.948264420032501
"758",1965-02-01,0.743122696876526,1.2921941280365
"759",1965-03-01,0.846095860004425,1.42488300800323
"760",1965-04-01,0.75195574760437,1.64957690238953
"761",1965-05-01,0.477601826190948,0.976037561893463
"762",1965-06-01,0.232595413923264,0.484578043222427
"763",1965-07-01,0.176932275295258,0.421551883220673
"764",1965-08-01,0.129064798355103,0.257597535848618
"765",1965-09-01,0.117488279938698,0.174780815839767
"766",1965-10-01,0.157495483756065,0.671621739864349
"767",1965-11-01,0.398959934711456,1.15958988666534
"768",1965-12-01,0.623470664024353,1.61247086524963
"769",1966-01-01,1.17114436626434,1.9106947183609
"770",1966-02-01,0.682519197463989,1.27865970134735
"771",1966-03-01,0.826551377773285,1.79143989086151
"772",1966-04-01,0.692486941814423,1.19526994228363
"773",1966-05-01,0.395649909973145,0.714390516281128
"774",1966-06-01,0.256766200065613,0.400643736124039
"775",1966-07-01,0.227198109030724,0.566031217575073
"776",1966-08-01,0.122327521443367,0.447771817445755
"777",1966-09-01,0.125179797410965,0.23447273671627
"778",1966-10-01,0.0684420615434647,0.0932962000370026
"779",1966-11-01,0.0745725706219673,0.080665610730648
"780",1966-12-01,0.660321056842804,0.841973900794983
"781",1967-01-01,1.21126794815063,2.73834276199341
"782",1967-02-01,0.931921780109406,2.18822193145752
"783",1967-03-01,1.81695175170898,2.11990642547607
"784",1967-04-01,1.50270795822144,1.52534353733063
"785",1967-05-01,0.873665392398834,0.975315749645233
"786",1967-06-01,0.529960036277771,0.961162447929382
"787",1967-07-01,0.2733194231987,0.614195764064789
"788",1967-08-01,0.169405072927475,0.288138031959534
"789",1967-09-01,0.157986477017403,0.236070558428764
"790",1967-10-01,0.161415949463844,0.391639113426208
"791",1967-11-01,1.25205969810486,2.50167226791382
"792",1967-12-01,1.22393596172333,2.48744559288025
"793",1968-01-01,1.29979932308197,1.9986058473587
"794",1968-02-01,1.20954012870789,1.63353681564331
"795",1968-03-01,1.4441339969635,2.08999133110046
"796",1968-04-01,0.93675708770752,1.41638600826263
"797",1968-05-01,0.401218980550766,0.592355489730835
"798",1968-06-01,0.259560167789459,0.524342656135559
"799",1968-07-01,0.21229188144207,0.338164150714874
"800",1968-08-01,0.136548057198524,0.214024469256401
"801",1968-09-01,0.168027937412262,0.207298949360847
"802",1968-10-01,0.272670567035675,0.458701014518738
"803",1968-11-01,0.256435602903366,0.392127364873886
"804",1968-12-01,0.705243170261383,0.988969326019287
"805",1969-01-01,1.02531147003174,1.38964748382568
"806",1969-02-01,1.32424461841583,1.53426885604858
"807",1969-03-01,1.0831333398819,1.34376037120819
"808",1969-04-01,1.22191524505615,1.63674569129944
"809",1969-05-01,0.542271137237549,0.729465067386627
"810",1969-06-01,0.277322113513947,0.376432925462723
"811",1969-07-01,0.237571731209755,0.331784278154373
"812",1969-08-01,0.133582234382629,0.216529205441475
"813",1969-09-01,0.107473164796829,0.165089845657349
"814",1969-10-01,0.135687127709389,0.250545054674149
"815",1969-11-01,0.231652244925499,0.558453559875488
"816",1969-12-01,0.333956331014633,0.897096335887909
"817",1970-01-01,0.542485535144806,1.22158586978912
"818",1970-02-01,0.863072514533997,1.42171490192413
"819",1970-03-01,0.766062796115875,1.33718299865723
"820",1970-04-01,0.371716529130936,0.8305304646492
"821",1970-05-01,0.270997434854507,0.468205749988556
"822",1970-06-01,0.186504125595093,0.293377369642258
"823",1970-07-01,0.114257454872131,0.199487134814262
"824",1970-08-01,0.0944249555468559,0.208100989460945
"825",1970-09-01,0.112543918192387,0.244265779852867
"826",1970-10-01,0.199099764227867,0.355024635791779
"827",1970-11-01,0.311022937297821,0.540926992893219
"828",1970-12-01,0.989715158939362,1.66909456253052
"829",1971-01-01,0.506075620651245,0.912913262844086
"830",1971-02-01,0.390525609254837,0.72569465637207
"831",1971-03-01,0.628480076789856,1.21348762512207
"832",1971-04-01,1.00623404979706,1.43327271938324
"833",1971-05-01,0.76126092672348,0.866995513439178
"834",1971-06-01,0.377569764852524,0.535431265830994
"835",1971-07-01,0.137913137674332,0.307575076818466
"836",1971-08-01,0.140496149659157,0.292189031839371
"837",1971-09-01,0.1553555727005,0.233476653695107
"838",1971-10-01,0.254605263471603,0.779994308948517
"839",1971-11-01,0.296616703271866,1.07218754291534
"840",1971-12-01,0.827741742134094,2.54821944236755
"841",1972-01-01,0.610132038593292,1.27719402313232
"842",1972-02-01,0.61885392665863,0.924671828746796
"843",1972-03-01,0.547149121761322,0.827959537506104
"844",1972-04-01,0.421874582767487,1.03139615058899
"845",1972-05-01,0.307922154664993,0.587836980819702
"846",1972-06-01,0.224837258458138,0.578433454036713
"847",1972-07-01,0.122955672442913,0.206622898578644
"848",1972-08-01,0.0784924328327179,0.105875782668591
"849",1972-09-01,0.120895549654961,0.182751223444939
"850",1972-10-01,0.309355795383453,0.705058872699738
"851",1972-11-01,0.33566626906395,0.838299632072449
"852",1972-12-01,0.303124934434891,0.853538811206818
"853",1973-01-01,0.213498815894127,0.613833487033844
"854",1973-02-01,0.228151589632034,0.636697232723236
"855",1973-03-01,0.482092052698135,1.28090012073517
"856",1973-04-01,0.451700419187546,1.24329960346222
"857",1973-05-01,0.343310981988907,0.684168636798859
"858",1973-06-01,0.257635444402695,0.581520438194275
"859",1973-07-01,0.133445784449577,0.310075312852859
"860",1973-08-01,0.119438640773296,0.206037119030952
"861",1973-09-01,0.130297213792801,0.196052446961403
"862",1973-10-01,0.145705014467239,0.263792783021927
"863",1973-11-01,0.295751988887787,0.865045964717865
"864",1973-12-01,0.532781779766083,1.69315016269684
"865",1974-01-01,0.436096698045731,1.25912463665009
"866",1974-02-01,0.386434108018875,0.781795084476471
"867",1974-03-01,0.400260269641876,0.888905227184296
"868",1974-04-01,0.521518766880035,1.2204395532608
"869",1974-05-01,0.469741731882095,0.980260848999023
"870",1974-06-01,0.25202465057373,0.54119336605072
"871",1974-07-01,0.128380194306374,0.274115920066833
"872",1974-08-01,0.128108561038971,0.162777557969093
"873",1974-09-01,0.128810375928879,0.186611726880074
"874",1974-10-01,0.124199524521828,0.155362099409103
"875",1974-11-01,0.101772017776966,0.251299858093262
"876",1974-12-01,0.353722184896469,1.45503294467926
"877",1975-01-01,0.381426215171814,0.996032178401947
"878",1975-02-01,0.628022253513336,1.56182706356049
"879",1975-03-01,0.604386150836945,1.37794768810272
"880",1975-04-01,0.717741668224335,1.73107159137726
"881",1975-05-01,0.549564361572266,0.999132812023163
"882",1975-06-01,0.301322251558304,0.907949447631836
"883",1975-07-01,0.108719050884247,0.261122554540634
"884",1975-08-01,0.102440647780895,0.204173237085342
"885",1975-09-01,0.147337183356285,0.213988274335861
"886",1975-10-01,0.18013907968998,0.410613209009171
"887",1975-11-01,0.218960881233215,0.52192634344101
"888",1975-12-01,0.359727054834366,1.01448917388916
"889",1976-01-01,1.05379056930542,2.05697441101074
"890",1976-02-01,0.887303948402405,1.57283306121826
"891",1976-03-01,0.693783700466156,1.40210616588593
"892",1976-04-01,0.534928321838379,1.24623501300812
"893",1976-05-01,0.410535335540771,0.817787945270538
"894",1976-06-01,0.299088537693024,0.893445372581482
"895",1976-07-01,0.201807677745819,0.528298258781433
"896",1976-08-01,0.107017196714878,0.289365142583847
"897",1976-09-01,0.113481946289539,0.258825212717056
"898",1976-10-01,0.226590946316719,0.847209453582764
"899",1976-11-01,0.283264249563217,0.598936378955841
"900",1976-12-01,0.305603504180908,0.564945638179779
"901",1977-01-01,0.447019696235657,0.817624449729919
"902",1977-02-01,0.414319634437561,0.839678525924683
"903",1977-03-01,0.993498146533966,2.32610106468201
"904",1977-04-01,1.28060913085938,2.88134050369263
"905",1977-05-01,0.634178400039673,1.62154865264893
"906",1977-06-01,0.379370212554932,0.819470047950745
"907",1977-07-01,0.233990609645844,0.425842136144638
"908",1977-08-01,0.143155992031097,0.295068025588989
"909",1977-09-01,0.177084416151047,0.61993134021759
"910",1977-10-01,0.190585985779762,0.616446435451508
"911",1977-11-01,0.178595185279846,0.623613834381104
"912",1977-12-01,0.521104335784912,1.90767407417297
"913",1978-01-01,1.31007266044617,2.1366274356842
"914",1978-02-01,1.00617432594299,1.72196710109711
"915",1978-03-01,0.984945058822632,1.73970258235931
"916",1978-04-01,1.31911301612854,2.75170350074768
"917",1978-05-01,0.627732813358307,1.25792837142944
"918",1978-06-01,0.439779072999954,1.12175476551056
"919",1978-07-01,0.227565050125122,0.37283393740654
"920",1978-08-01,0.148661807179451,0.266296356916428
"921",1978-09-01,0.17046332359314,0.282279491424561
"922",1978-10-01,0.291909158229828,0.47419410943985
"923",1978-11-01,0.154989972710609,0.408760786056519
"924",1978-12-01,0.341718703508377,1.10227525234222
"925",1979-01-01,0.916439116001129,2.39657378196716
"926",1979-02-01,1.18735074996948,1.9718451499939
"927",1979-03-01,0.729464650154114,1.28720343112946
"928",1979-04-01,0.473516553640366,1.2168425321579
"929",1979-05-01,0.274590194225311,0.598437786102295
"930",1979-06-01,0.21259394288063,0.427868455648422
"931",1979-07-01,0.168174371123314,0.331743150949478
"932",1979-08-01,0.0972727537155151,0.180542260408401
"933",1979-09-01,0.103226445615292,0.163229003548622
"934",1979-10-01,0.152295634150505,0.260107725858688
"935",1979-11-01,0.288639783859253,0.608944356441498
"936",1979-12-01,0.406194895505905,0.651180148124695
"937",1980-01-01,0.795423269271851,1.34657633304596
"938",1980-02-01,0.744971394538879,1.09654748439789
"939",1980-03-01,1.21760880947113,1.76598751544952
"940",1980-04-01,1.10524904727936,1.82977604866028
"941",1980-05-01,0.933201611042023,1.88609421253204
"942",1980-06-01,0.48045352101326,0.811615228652954
"943",1980-07-01,0.223001956939697,0.302636712789536
"944",1980-08-01,0.15730644762516,0.312659829854965
"945",1980-09-01,0.17060686647892,0.416541159152985
"946",1980-10-01,0.168819010257721,0.336952984333038
"947",1980-11-01,0.295381665229797,0.902563810348511
"948",1980-12-01,0.457884460687637,1.26000833511353
"949",1981-01-01,0.613462209701538,1.11946702003479
"950",1981-02-01,0.645494997501373,1.07603001594543
"951",1981-03-01,0.991979539394379,1.61339461803436
"952",1981-04-01,0.722813010215759,1.28877210617065
"953",1981-05-01,0.495636135339737,1.29196810722351
"954",1981-06-01,0.282031267881393,1.0886595249176
"955",1981-07-01,0.183966472744942,0.569334983825684
"956",1981-08-01,0.121216081082821,0.292583137750626
"957",1981-09-01,0.119285218417645,0.212885797023773
"958",1981-10-01,0.115978144109249,0.371118396520615
"959",1981-11-01,0.335777997970581,1.92435014247894
"960",1981-12-01,0.435324460268021,1.56126081943512
"961",1982-01-01,0.54242616891861,1.46413195133209
"962",1982-02-01,0.69018030166626,1.81590020656586
"963",1982-03-01,0.798650205135345,1.82654750347137
"964",1982-04-01,0.924554169178009,1.80836260318756
"965",1982-05-01,0.482988268136978,0.83335268497467
"966",1982-06-01,0.218881979584694,0.473837673664093
"967",1982-07-01,0.188893809914589,0.428800046443939
"968",1982-08-01,0.126327097415924,0.290825873613358
"969",1982-09-01,0.112305454909801,0.237283676862717
"970",1982-10-01,0.125835224986076,0.289911329746246
"971",1982-11-01,0.153135731816292,0.946138799190521
"972",1982-12-01,0.261115819215775,1.09239792823792
"973",1983-01-01,0.48088014125824,1.29008436203003
"974",1983-02-01,1.03565204143524,2.11905431747437
"975",1983-03-01,0.753534555435181,1.72517371177673
"976",1983-04-01,0.474660485982895,1.21182537078857
"977",1983-05-01,0.436619758605957,1.01568794250488
"978",1983-06-01,0.301868855953217,0.662648379802704
"979",1983-07-01,0.204829409718513,0.357013732194901
"980",1983-08-01,0.146418735384941,0.254104733467102
"981",1983-09-01,0.0885295122861862,0.17185141146183
"982",1983-10-01,0.216452345252037,0.534059107303619
"983",1983-11-01,1.10703372955322,2.91138935089111
"984",1983-12-01,0.903295576572418,1.44911003112793
"985",1984-01-01,0.716837406158447,1.23187232017517
"986",1984-02-01,0.67735481262207,1.12814104557037
"987",1984-03-01,0.852338314056396,1.40658664703369
"988",1984-04-01,1.52043294906616,2.29128336906433
"989",1984-05-01,0.749812662601471,1.14694452285767
"990",1984-06-01,0.291318982839584,0.566708564758301
"991",1984-07-01,0.193942680954933,0.341698199510574
"992",1984-08-01,0.186551928520203,0.317611217498779
"993",1984-09-01,0.140375018119812,0.230592533946037
"994",1984-10-01,0.135501742362976,0.317258387804031
"995",1984-11-01,0.170793637633324,0.383263140916824
"996",1984-12-01,0.237371474504471,0.422167599201202
"997",1985-01-01,0.414737612009048,0.622695446014404
"998",1985-02-01,0.636189103126526,1.38131809234619
"999",1985-03-01,0.653478860855103,0.860658943653107
"1000",1985-04-01,0.593333542346954,0.81660670042038
"1001",1985-05-01,0.356888800859451,0.41232168674469
"1002",1985-06-01,0.225516840815544,0.305682808160782
"1003",1985-07-01,0.205102428793907,0.264676541090012
"1004",1985-08-01,0.134517222642899,0.166389063000679
"1005",1985-09-01,0.0970458388328552,0.0903640538454056
"1006",1985-10-01,0.52548748254776,0.600037038326263
"1007",1985-11-01,0.672211289405823,0.546013474464417
"1008",1985-12-01,0.593078076839447,0.972777307033539
"1009",1986-01-01,0.725005626678467,1.04340541362762
"1010",1986-02-01,0.879833579063416,1.26208627223969
"1011",1986-03-01,0.665883243083954,1.07169008255005
"1012",1986-04-01,0.409369438886642,0.745587825775146
"1013",1986-05-01,0.452656865119934,1.12237203121185
"1014",1986-06-01,0.331136614084244,0.719393968582153
"1015",1986-07-01,0.146199032664299,0.281754344701767
"1016",1986-08-01,0.0870833471417427,0.13110925257206
"1017",1986-09-01,0.0855925157666206,0.113402910530567
"1018",1986-10-01,0.115016333758831,0.219094693660736
"1019",1986-11-01,0.223850920796394,1.34309792518616
"1020",1986-12-01,0.430720299482346,1.76177835464478
"1021",1987-01-01,1.0801774263382,2.31610465049744
"1022",1987-02-01,0.956939816474915,1.60832023620605
"1023",1987-03-01,1.17394733428955,2.02219223976135
"1024",1987-04-01,1.48200249671936,2.64204573631287
"1025",1987-05-01,0.686190187931061,1.28635382652283
"1026",1987-06-01,0.388852089643478,0.547059774398804
"1027",1987-07-01,0.21578623354435,0.316143214702606
"1028",1987-08-01,0.150425046682358,0.193432331085205
"1029",1987-09-01,0.11694074422121,0.151496723294258
"1030",1987-10-01,0.125612318515778,0.199542596936226
"1031",1987-11-01,0.210784867405891,0.482296794652939
"1032",1987-12-01,0.912596523761749,2.29849696159363
"1033",1988-01-01,0.854430019855499,1.86751186847687
"1034",1988-02-01,0.907173097133636,1.7819219827652
"1035",1988-03-01,1.01141095161438,2.32821083068848
"1036",1988-04-01,0.753292262554169,1.59078502655029
"1037",1988-05-01,0.416710168123245,0.811399400234222
"1038",1988-06-01,0.299139499664307,0.787466049194336
"1039",1988-07-01,0.178595289587975,0.352862983942032
"1040",1988-08-01,0.122656501829624,0.277028679847717
"1041",1988-09-01,0.0949908420443535,0.217899814248085
"1042",1988-10-01,0.712285757064819,1.34948396682739
"1043",1988-11-01,1.61172866821289,3.10000848770142
"1044",1988-12-01,1.09510123729706,1.89427530765533
"1045",1989-01-01,0.769660830497742,1.12145006656647
"1046",1989-02-01,0.681793689727783,1.00568926334381
"1047",1989-03-01,0.704065382480621,1.2920264005661
"1048",1989-04-01,0.396201461553574,0.640121161937714
"1049",1989-05-01,0.283304274082184,0.410033166408539
"1050",1989-06-01,0.17321290075779,0.244269877672195
"1051",1989-07-01,0.0985547453165054,0.144426926970482
"1052",1989-08-01,0.0705548450350761,0.102791979908943
"1053",1989-09-01,0.083477646112442,0.168106779456139
"1054",1989-10-01,0.133342444896698,0.940645575523376
"1055",1989-11-01,1.08066856861115,2.22885704040527
"1056",1989-12-01,0.955336093902588,2.27882170677185
"1057",1990-01-01,0.670746386051178,1.20196127891541
"1058",1990-02-01,0.512393236160278,0.922153532505035
"1059",1990-03-01,0.443640261888504,0.962426602840424
"1060",1990-04-01,0.717921853065491,1.70637392997742
"1061",1990-05-01,0.937451541423798,1.68562948703766
"1062",1990-06-01,0.394129127264023,0.994306921958923
"1063",1990-07-01,0.141682371497154,0.302369356155396
"1064",1990-08-01,0.107974283397198,0.189688190817833
"1065",1990-09-01,0.11930675804615,0.220046430826187
"1066",1990-10-01,0.153808802366257,0.254977494478226
"1067",1990-11-01,0.206296965479851,0.456696212291718
"1068",1990-12-01,0.313641458749771,0.79161125421524
"1069",1991-01-01,0.394742041826248,0.863526821136475
"1070",1991-02-01,0.678698897361755,1.49182605743408
"1071",1991-03-01,0.886669218540192,1.90569424629211
"1072",1991-04-01,1.15863966941833,1.34090840816498
"1073",1991-05-01,1.32043015956879,1.74064373970032
"1074",1991-06-01,0.599213242530823,0.722516357898712
"1075",1991-07-01,0.211054459214211,0.313552767038345
"1076",1991-08-01,0.131297022104263,0.22225347161293
"1077",1991-09-01,0.126861572265625,0.185680508613586
"1078",1991-10-01,0.230492785573006,0.391098022460938
"1079",1991-11-01,0.325592458248138,1.31399595737457
"1080",1991-12-01,0.389853000640869,1.30974268913269
"1081",1992-01-01,0.492914140224457,1.10240173339844
"1082",1992-02-01,0.69594407081604,1.88627254962921
"1083",1992-03-01,0.797033965587616,1.69059407711029
"1084",1992-04-01,0.586489498615265,1.48064792156219
"1085",1992-05-01,0.376625239849091,0.830561637878418
"1086",1992-06-01,0.257676541805267,0.530304670333862
"1087",1992-07-01,0.176136985421181,0.368424385786057
"1088",1992-08-01,0.108434915542603,0.231497570872307
"1089",1992-09-01,0.102449975907803,0.198329299688339
"1090",1992-10-01,0.148972049355507,0.36590787768364
"1091",1992-11-01,0.467699855566025,2.45347619056702
"1092",1992-12-01,1.21160078048706,2.02092337608337
"1093",1993-01-01,0.994544208049774,1.70297288894653
"1094",1993-02-01,0.99521815776825,1.80367279052734
"1095",1993-03-01,1.01939606666565,1.75297749042511
"1096",1993-04-01,0.872075498104095,1.99774360656738
"1097",1993-05-01,0.678286969661713,1.4716819524765
"1098",1993-06-01,0.448769509792328,0.87499737739563
"1099",1993-07-01,0.229225918650627,0.418595343828201
"1100",1993-08-01,0.140867352485657,0.254950970411301
"1101",1993-09-01,0.159904703497887,0.25892972946167
"1102",1993-10-01,0.151125758886337,0.216165155172348
"1103",1993-11-01,0.245300993323326,0.585834801197052
"1104",1993-12-01,0.333115428686142,0.580124199390411
"1105",1994-01-01,0.40790581703186,0.649723708629608
"1106",1994-02-01,0.580381572246552,1.15130043029785
"1107",1994-03-01,0.816522598266602,1.37415015697479
"1108",1994-04-01,0.409956067800522,0.900646269321442
"1109",1994-05-01,0.276287764310837,0.519090354442596
"1110",1994-06-01,0.161734730005264,0.302972972393036
"1111",1994-07-01,0.130963817238808,0.214726880192757
"1112",1994-08-01,0.0998126640915871,0.201745003461838
"1113",1994-09-01,0.07755346596241,0.115481354296207
"1114",1994-10-01,0.104252532124519,0.306023001670837
"1115",1994-11-01,0.484720677137375,1.35702443122864
"1116",1994-12-01,0.962975203990936,3.165198802948
"1117",1995-01-01,0.709733068943024,1.38643169403076
"1118",1995-02-01,0.472556322813034,0.853974223136902
"1119",1995-03-01,0.440094798803329,0.921472787857056
"1120",1995-04-01,1.65399706363678,2.58899712562561
"1121",1995-05-01,0.812390089035034,1.32783365249634
"1122",1995-06-01,0.290488839149475,0.588446378707886
"1123",1995-07-01,0.166836559772491,0.292798012495041
"1124",1995-08-01,0.0931151807308197,0.175140306353569
"1125",1995-09-01,0.147652089595795,0.249132916331291
"1126",1995-10-01,0.181376129388809,0.530048251152039
"1127",1995-11-01,0.456947177648544,1.48152315616608
"1128",1995-12-01,0.425293207168579,1.15172243118286
"1129",1996-01-01,0.447772353887558,0.95203310251236
"1130",1996-02-01,0.447792023420334,1.00383400917053
"1131",1996-03-01,1.60327410697937,2.19678330421448
"1132",1996-04-01,1.65057778358459,2.92345499992371
"1133",1996-05-01,0.686974406242371,1.12824416160583
"1134",1996-06-01,0.323596566915512,0.579818189144135
"1135",1996-07-01,0.129409104585648,0.240330770611763
"1136",1996-08-01,0.119678571820259,0.212772011756897
"1137",1996-09-01,0.161860480904579,0.311079561710358
"1138",1996-10-01,0.328593105077744,0.72287791967392
"1139",1996-11-01,0.158337906002998,0.395330518484116
"1140",1996-12-01,0.283554434776306,1.28670299053192
"1141",1997-01-01,0.464552462100983,1.90947222709656
"1142",1997-02-01,0.812749981880188,1.70727801322937
"1143",1997-03-01,0.845816910266876,1.77797996997833
"1144",1997-04-01,1.00317466259003,1.86237120628357
"1145",1997-05-01,0.39689365029335,0.707542896270752
"1146",1997-06-01,0.312533438205719,0.459540277719498
"1147",1997-07-01,0.174754545092583,0.27523609995842
"1148",1997-08-01,0.129901438951492,0.19876192510128
"1149",1997-09-01,0.105788730084896,0.235080391168594
"1150",1997-10-01,0.417509436607361,1.19023871421814
"1151",1997-11-01,0.321650475263596,0.591663122177124
"1152",1997-12-01,0.687715590000153,0.906068325042725
"1153",1998-01-01,0.836331248283386,1.21618449687958
"1154",1998-02-01,1.01397180557251,1.74870347976685
"1155",1998-03-01,1.3185441493988,2.0882408618927
"1156",1998-04-01,0.523497760295868,1.3741101026535
"1157",1998-05-01,0.598690152168274,1.05414760112762
"1158",1998-06-01,0.341677308082581,0.515436053276062
"1159",1998-07-01,0.158099949359894,0.25593689084053
"1160",1998-08-01,0.0913337469100952,0.155050948262215
"1161",1998-09-01,0.09758210927248,0.120810814201832
"1162",1998-10-01,0.135656133294106,0.28588479757309
"1163",1998-11-01,0.246554106473923,1.05729568004608
"1164",1998-12-01,0.31769123673439,1.33644342422485
"1165",1999-01-01,0.370563596487045,0.956049501895905
"1166",1999-02-01,0.53304535150528,0.852718710899353
"1167",1999-03-01,0.786517918109894,1.43314981460571
"1168",1999-04-01,0.60664963722229,1.39406991004944
"1169",1999-05-01,0.315661132335663,0.828072309494019
"1170",1999-06-01,0.201370358467102,0.727619826793671
"1171",1999-07-01,0.123828113079071,0.32271146774292
"1172",1999-08-01,0.108562394976616,0.269455879926682
"1173",1999-09-01,0.071541041135788,0.144898548722267
"1174",1999-10-01,0.0970138758420944,0.249148681759834
"1175",1999-11-01,0.11898198723793,0.389257788658142
"1176",1999-12-01,0.181703299283981,0.469658374786377
"1177",2000-01-01,0.636439859867096,2.19812488555908
"1178",2000-02-01,1.32862091064453,2.3512601852417
"1179",2000-03-01,1.16811680793762,1.97760379314423
"1180",2000-04-01,0.923925220966339,1.53932237625122
"1181",2000-05-01,0.72268670797348,0.956966578960419
"1182",2000-06-01,0.425637692213058,0.592913687229156
"1183",2000-07-01,0.207878544926643,0.332915186882019
"1184",2000-08-01,0.124188326299191,0.202485755085945
"1185",2000-09-01,0.120772242546082,0.158817321062088
"1186",2000-10-01,0.122251868247986,0.301470041275024
"1187",2000-11-01,0.0946766510605812,0.125486254692078
"1188",2000-12-01,0.104049205780029,0.412773042917252
"1189",2001-01-01,0.135733917355537,0.527275323867798
"1190",2001-02-01,0.262686401605606,0.999381363391876
"1191",2001-03-01,0.239906713366508,0.745399177074432
"1192",2001-04-01,0.227851033210754,0.86827939748764
"1193",2001-05-01,0.44409653544426,0.969978094100952
"1194",2001-06-01,0.232198864221573,0.542454183101654
"1195",2001-07-01,0.0841661766171455,0.180474609136581
"1196",2001-08-01,0.0850183963775635,0.14610444009304
"1197",2001-09-01,0.101661249995232,0.127600073814392
"1198",2001-10-01,0.0979862287640572,0.205299079418182
"1199",2001-11-01,0.237465441226959,0.938880860805511
"1200",2001-12-01,0.680126667022705,1.23001003265381
"1201",2002-01-01,1.11439979076385,2.05099058151245
"1202",2002-02-01,0.655967652797699,1.01451086997986
"1203",2002-03-01,0.571558058261871,0.832150101661682
"1204",2002-04-01,0.81705367565155,1.22661364078522
"1205",2002-05-01,0.40915584564209,0.635330319404602
"1206",2002-06-01,0.228015884757042,0.453797429800034
"1207",2002-07-01,0.101019479334354,0.207237750291824
"1208",2002-08-01,0.0782228708267212,0.0973944589495659
"1209",2002-09-01,0.0831647664308548,0.143411293625832
"1210",2002-10-01,0.102795325219631,0.276774525642395
"1211",2002-11-01,0.0883485600352287,0.306148678064346
"1212",2002-12-01,0.184839472174644,0.66532963514328
"1213",2003-01-01,0.280173152685165,0.718076229095459
"1214",2003-02-01,0.543636500835419,1.19227373600006
"1215",2003-03-01,0.759134709835052,1.81179881095886
"1216",2003-04-01,0.948461711406708,1.98641765117645
"1217",2003-05-01,0.443687200546265,0.853079855442047
"1218",2003-06-01,0.248741194605827,0.497081458568573
"1219",2003-07-01,0.137716338038445,0.205256730318069
"1220",2003-08-01,0.100494228303432,0.16416209936142
"1221",2003-09-01,0.110113881528378,0.238120645284653
"1222",2003-10-01,0.532667338848114,1.39412343502045
"1223",2003-11-01,0.365119695663452,0.903851807117462
"1224",2003-12-01,0.623825013637543,0.921636998653412
"1225",2004-01-01,0.95800906419754,1.39824283123016
"1226",2004-02-01,1.05538749694824,1.55375254154205
"1227",2004-03-01,1.26214790344238,1.93967437744141
"1228",2004-04-01,0.940744400024414,1.40153205394745
"1229",2004-05-01,0.55656635761261,0.787364780902863
"1230",2004-06-01,0.372662991285324,0.541588306427002
"1231",2004-07-01,0.223546251654625,0.333903223276138
"1232",2004-08-01,0.152098909020424,0.213972732424736
"1233",2004-09-01,0.135588020086288,0.207636460661888
"1234",2004-10-01,0.115499943494797,0.185786873102188
"1235",2004-11-01,0.613231003284454,1.52330255508423
"1236",2004-12-01,0.734447956085205,2.16335487365723
"1237",2005-01-01,0.685091495513916,1.49140572547913
"1238",2005-02-01,0.733538389205933,1.53606593608856
"1239",2005-03-01,1.88162755966187,2.99175810813904
"1240",2005-04-01,1.51147782802582,1.91023802757263
"1241",2005-05-01,0.861582219600677,1.2631504535675
"1242",2005-06-01,0.437934994697571,0.734238922595978
"1243",2005-07-01,0.192945778369904,0.251408755779266
"1244",2005-08-01,0.129778027534485,0.165560245513916
"1245",2005-09-01,0.14129151403904,0.22261218726635
"1246",2005-10-01,0.184654042124748,0.894216179847717
"1247",2005-11-01,0.234029740095139,1.03469514846802
"1248",2005-12-01,0.214670345187187,0.767671644687653
"1249",2006-01-01,0.469112038612366,1.16743063926697
"1250",2006-02-01,1.18099415302277,2.04020857810974
"1251",2006-03-01,1.32678091526031,2.11550140380859
"1252",2006-04-01,0.735133588314056,1.70476841926575
"1253",2006-05-01,0.530456006526947,1.21938538551331
"1254",2006-06-01,0.289707630872726,0.639048933982849
"1255",2006-07-01,0.217054709792137,0.376761049032211
"1256",2006-08-01,0.0693697482347488,0.123936660587788
"1257",2006-09-01,0.0927921533584595,0.120292194187641
"1258",2006-10-01,0.128365054726601,0.29428905248642
"1259",2006-11-01,0.198464691638947,0.675471842288971
"1260",2006-12-01,0.198353931307793,0.960242986679077
"1261",2007-01-01,0.255316644906998,1.36072242259979
"1262",2007-02-01,0.321116715669632,1.26054000854492
"1263",2007-03-01,0.656649947166443,1.80366122722626
"1264",2007-04-01,0.494910061359406,1.42350399494171
"1265",2007-05-01,0.270817369222641,0.591678738594055
"1266",2007-06-01,0.170728534460068,0.27730929851532
"1267",2007-07-01,0.107888512313366,0.176407799124718
"1268",2007-08-01,0.0813210755586624,0.111004240810871
"1269",2007-09-01,0.0857537910342216,0.118187837302685
"1270",2007-10-01,0.0793827548623085,0.207676365971565
"1271",2007-11-01,0.370559006929398,1.54490435123444
"1272",2007-12-01,0.508698523044586,1.56585419178009
"1273",2008-01-01,0.396311342716217,1.21561598777771
"1274",2008-02-01,0.755269110202789,1.13679623603821
"1275",2008-03-01,0.685769200325012,1.18588066101074
"1276",2008-04-01,0.41890162229538,0.759894371032715
"1277",2008-05-01,0.379247069358826,0.669020414352417
"1278",2008-06-01,0.223930135369301,1.34371042251587
"1279",2008-07-01,0.118174105882645,0.452352106571198
"1280",2008-08-01,0.084937572479248,0.144398376345634
"1281",2008-09-01,0.113491699099541,0.308382242918015
"1282",2008-10-01,0.152626201510429,0.234653919935226
"1283",2008-11-01,0.350950688123703,0.471412986516953
"1284",2008-12-01,0.963583409786224,1.2942202091217
"1285",2009-01-01,1.32235372066498,1.37828946113586
"1286",2009-02-01,1.64216256141663,1.74591875076294
"1287",2009-03-01,1.5700968503952,1.78496301174164
"1288",2009-04-01,0.997897446155548,1.33340108394623
"1289",2009-05-01,0.545680820941925,0.710396766662598
"1290",2009-06-01,0.321393013000488,0.379974275827408
"1291",2009-07-01,0.195556282997131,2.41959285736084
"1292",2009-08-01,0.105938732624054,0.403113633394241
"1293",2009-09-01,0.085810698568821,0.383749663829803
"1294",2009-10-01,0.0944865569472313,0.401113599538803
"1295",2009-11-01,0.408064514398575,1.74113166332245
"1296",2009-12-01,0.546293616294861,1.54989778995514
"1297",2010-01-01,0.920045137405396,2.73340630531311
"1298",2010-02-01,0.925426423549652,1.7129133939743
"1299",2010-03-01,1.14414346218109,1.7445342540741
"1300",2010-04-01,1.04695451259613,1.5435825586319
"1301",2010-05-01,0.446088224649429,0.705141186714172
"1302",2010-06-01,0.303053587675095,0.347315579652786
"1303",2010-07-01,0.138518512248993,0.175215378403664
"1304",2010-08-01,0.060667309910059,0.0839740037918091
"1305",2010-09-01,0.0618240088224411,0.0921762064099312
"1306",2010-10-01,0.216039031744003,0.432439863681793
"1307",2010-11-01,0.100633956491947,0.130560353398323
"1308",2010-12-01,0.24286949634552,0.222252666950226
"1309",2011-01-01,0.526564419269562,0.484306871891022
"1310",2011-02-01,0.328463822603226,0.854174673557281
"1311",2011-03-01,1.06198060512543,1.46625280380249
"1312",2011-04-01,1.14197528362274,1.76184344291687
"1313",2011-05-01,0.66139429807663,1.20648217201233
"1314",2011-06-01,0.404556453227997,0.999581038951874
"1315",2011-07-01,0.192745059728622,0.372813671827316
"1316",2011-08-01,0.110077247023582,0.231445625424385
"1317",2011-09-01,0.108794145286083,0.148650571703911
"1318",2011-10-01,0.126278772950172,0.488922268152237
"1319",2011-11-01,0.216035172343254,1.93260514736176
"1320",2011-12-01,0.222869247198105,1.19365978240967
"1321",2012-01-01,0.42946445941925,1.33682310581207
"1322",2012-02-01,0.671185076236725,1.49092650413513
"1323",2012-03-01,1.10092484951019,1.99848890304565
"1324",2012-04-01,0.57310426235199,1.2493793964386
"1325",2012-05-01,0.359761744737625,0.632135510444641
"1326",2012-06-01,0.19867879152298,0.379131525754929
"1327",2012-07-01,0.135468572378159,0.293777108192444
"1328",2012-08-01,0.165302067995071,0.168101474642754
"1329",2012-09-01,0.0827887654304504,0.122767589986324
"1330",2012-10-01,0.0753468200564384,0.106264308094978
"1331",2012-11-01,0.742029249668121,1.04941821098328
"1332",2012-12-01,1.0819251537323,2.03365731239319
"1333",2013-01-01,1.18748593330383,2.06165289878845
"1334",2013-02-01,0.92937570810318,1.26341557502747
"1335",2013-03-01,0.860141515731812,1.23921024799347
"1336",2013-04-01,0.661850929260254,0.826004505157471
"1337",2013-05-01,0.32517409324646,0.453739732503891
"1338",2013-06-01,0.201114773750305,0.315409570932388
"1339",2013-07-01,0.140602931380272,0.198910936713219
"1340",2013-08-01,0.11525372415781,0.118571273982525
"1341",2013-09-01,0.084338553249836,0.157978534698486
"1342",2013-10-01,0.083966888487339,0.405701667070389
"1343",2013-11-01,0.0752522200345993,0.360113382339478
"1344",2013-12-01,0.125017017126083,1.46500658988953
"1345",2014-01-01,0.0962700396776199,0.837634801864624
"1346",2014-02-01,0.0868915170431137,0.58924263715744
"1347",2014-03-01,0.199013471603394,1.12557053565979
"1348",2014-04-01,0.144285291433334,0.63027149438858
"1349",2014-05-01,0.165375143289566,0.474623203277588
"1350",2014-06-01,0.163298651576042,0.470975041389465
"1351",2014-07-01,0.0901578664779663,0.183368071913719
"1352",2014-08-01,0.0792099162936211,0.0862801745533943
"1353",2014-09-01,0.304003000259399,0.542075395584106
"1354",2014-10-01,0.265047252178192,0.490569531917572
"1355",2014-11-01,0.670739531517029,1.80621349811554
"1356",2014-12-01,0.345521450042725,1.5846461057663
